{
  "hash": "66960bf7",
  "configHash": "75515174",
  "lockfileHash": "d35daa16",
  "browserHash": "1a41f36d",
  "optimized": {
    "@angular/common": {
      "src": "../../../../../node_modules/@angular/common/fesm2022/common.mjs",
      "file": "@angular_common.js",
      "fileHash": "9272ab81",
      "needsInterop": false
    },
    "@angular/common/http": {
      "src": "../../../../../node_modules/@angular/common/fesm2022/http.mjs",
      "file": "@angular_common_http.js",
      "fileHash": "cf2c2389",
      "needsInterop": false
    },
    "@angular/core": {
      "src": "../../../../../node_modules/@angular/core/fesm2022/core.mjs",
      "file": "@angular_core.js",
      "fileHash": "d0899d01",
      "needsInterop": false
    },
    "@angular/forms": {
      "src": "../../../../../node_modules/@angular/forms/fesm2022/forms.mjs",
      "file": "@angular_forms.js",
      "fileHash": "96d0e089",
      "needsInterop": false
    },
    "@angular/platform-browser": {
      "src": "../../../../../node_modules/@angular/platform-browser/fesm2022/platform-browser.mjs",
      "file": "@angular_platform-browser.js",
      "fileHash": "1603c9e6",
      "needsInterop": false
    },
    "@angular/router": {
      "src": "../../../../../node_modules/@angular/router/fesm2022/router.mjs",
      "file": "@angular_router.js",
      "fileHash": "81e5c681",
      "needsInterop": false
    },
    "axios": {
      "src": "../../../../../node_modules/axios/index.js",
      "file": "axios.js",
      "fileHash": "f0d3f139",
      "needsInterop": false
    }
  },
  "chunks": {
    "chunk-RHE5JURI": {
      "file": "chunk-RHE5JURI.js"
    },
    "chunk-H2RGJ7WK": {
      "file": "chunk-H2RGJ7WK.js"
    },
    "chunk-NER36I2W": {
      "file": "chunk-NER36I2W.js"
    },
    "chunk-L2JLE7RW": {
      "file": "chunk-L2JLE7RW.js"
    },
    "chunk-ITYDLSBM": {
      "file": "chunk-ITYDLSBM.js"
    }
  }
}